lesson,type,promptEN,promptTE,A,B,C,D,correct,feedbackEN,feedbackTE
1,mcq,Which is a subject pronoun?,వీటిలో ఏది సబ్జెక్ట్ ప్రోనౌన్?,Me,Us,I,Them,C,"I' is a subject pronoun, used when the person is performing the action (e.g., I speak). 'Me', 'Us', and 'Them' are object pronouns.","I' అనేది ఒక సబ్జెక్ట్ ప్రోనౌన్, ఇది వ్యక్తి చర్యను చేస్తున్నప్పుడు ఉపయోగించబడుతుంది (ఉదా., నేను మాట్లాడతాను). 'Me', 'Us', మరియు 'Them' ఆబ్జెక్ట్ ప్రోనౌన్‌లు."
1,mcq,Choose the correct sentence:,సరైన వాక్యాన్ని ఎంచుకోండి:,Me go to the store.,I go to the store.,Us go to the store.,Them go to the store.,B,"The subject of the sentence is performing the action 'go', so the subject pronoun 'I' is correct.","వాక్యం యొక్క సబ్జెక్ట్ 'go' అనే చర్యను చేస్తోంది, కాబట్టి 'I' అనే సబ్జెక్ట్ ప్రోనౌన్ సరైనది."
1,mcq,The teacher gave the book to .,ఉపాధ్యాయుడు కు పుస్తకం ఇచ్చాడు.,I,We,she,me,D,me' is an object pronoun. It receives the action of 'giving'.,me' ఒక ఆబ్జెక్ట్ ప్రోనౌన్. ఇది 'ఇవ్వడం' అనే చర్యను స్వీకరిస్తుంది.
1,mcq,Can you help ?,మీరు కు సహాయం చేయగలరా?,we,I,us,he,C,us' is the correct object pronoun to receive the action 'help'.,us' అనేది 'help' అనే చర్యను స్వీకరించడానికి సరైన ఆబ్జెక్ట్ ప్రోనౌన్.
2,mcq,A good self-introduction usually starts with your .,ఒక మంచి స్వీయ-పరిచయం సాధారణంగా మీ తో మొదలవుతుంది.,Hobby,Aim,Name,Location,C,Starting with your name is the most common and polite way to begin a self-introduction.,మీ పేరుతో ప్రారంభించడం స్వీయ-పరిచయాన్ని ప్రారంభించడానికి అత్యంత సాధారణ మరియు మర్యాదపూర్వక మార్గం.
2,mcq,"To talk about your job, you can say 'I am a '.","మీ ఉద్యోగం గురించి మాట్లాడటానికి, మీరు 'నేను ఒక ' అని చెప్పవచ్చు.",Student,Doctor,Engineer,All of the above,D,You can use 'I am a' followed by any profession to describe what you do.,మీరు ఏమి చేస్తారో వివరించడానికి 'I am a' తర్వాత ఏ వృత్తినైనా ఉపయోగించవచ్చు.
2,mcq,Which question asks about your hobbies?,ఏ ప్రశ్న మీ హాబీల గురించి అడుగుతుంది?,Where are you from?,What do you do?,What do you like to do in your free time?,What is your aim in life?,C,What do you like to do in your free time?' is a common way to ask about someone's hobbies or interests.,మీ ఖాళీ సమయంలో మీరు ఏమి చేయడానికి ఇష్టపడతారు?' అనేది ఒకరి హాబీలు లేదా ఆసక్తుల గురించి అడగడానికి ఒక సాధారణ మార్గం.
3,mcq,What is the past tense (V2) of the regular verb 'play'?,play' అనే రెగ్యులర్ వెర్బ్ యొక్క పాస్ట్ టెన్స్ (V2) ఏమిటి?,Playing,Played,Plays,Play,B,Regular verbs typically form their past tense by adding '-ed'.,రెగ్యులర్ వెర్బ్ లు సాధారణంగా '-ed'ని జోడించడం ద్వారా వాటి పాస్ట్ టెన్స్ ను ఏర్పరుస్తాయి.
3,mcq,Which of these is a regular verb?,వీటిలో ఏది రెగ్యులర్ వెర్బ్?,Eat,Go,Walk,See,C,"Walk' is a regular verb. Its past tense is 'walked'. 'Eat', 'Go', and 'See' are irregular.","Walk' ఒక రెగ్యులర్ వెర్బ్. దాని పాస్ట్ టెన్స్ 'walked'. 'Eat', 'Go', మరియు 'See' ఇర్రెగ్యులర్."
3,mcq,The '-ing' form of 'work' is .,work' యొక్క '-ing' ఫారం .,worked,working,works,work,B,"The V-ing form, or present participle, is created by adding '-ing' to the base verb.","V-ing ఫారం, లేదా ప్రెసెంట్ పార్టిసిపుల్, బేస్ వెర్బ్ కు '-ing' జోడించడం ద్వారా సృష్టించబడుతుంది."
3,mcq,He ____ English every day.,అతను ప్రతిరోజూ ఇంగ్లీష్ .,studies,studied,studying,study,A,"For third-person singular (he, she, it) in the simple present tense, we add '-s' or '-es' to the verb.","సింపుల్ ప్రెసెంట్ టెన్స్ లో థర్డ్-పర్సన్ సింగులర్ (he, she, it) కోసం, మేము వెర్బ్ కు '-s' లేదా '-es' జోడిస్తాము."
4,mcq,What is the past tense (V2) of 'eat'?,eat' యొక్క పాస్ట్ టెన్స్ (V2) ఏమిటి?,ate,eaten,eating,eat,A,ate' is the V2 (Simple Past) form of the irregular verb 'eat'. 'eaten' is the V3 form.,ate' అనేది 'eat' అనే ఇర్రెగ్యులర్ వెర్బ్ యొక్క V2 (సింపుల్ పాస్ట్) ఫారం. 'eaten' V3 ఫారం.
4,mcq,What is the past participle (V3) of 'go'?,go' యొక్క పాస్ట్ పార్టిసిపుల్ (V3) ఏమిటి?,went,gone,going,go,B,"gone' is the V3 (Past Participle) form of 'go'. It's used in perfect tenses (e.g., have gone).","gone' అనేది 'go' యొక్క V3 (పాస్ట్ పార్టిసిపుల్) ఫారం. ఇది పర్ఫెక్ట్ టెన్స్ లలో ఉపయోగించబడుతుంది (ఉదా., have gone)."
4,mcq,Choose the correct sentence:,సరైన వాక్యాన్ని ఎంచుకోండి:,I see a movie last night.,I saw a movie last night.,I seen a movie last night.,I seeing a movie last night.,B,"For a completed action in the past ('last night'), we use the V2 form, which is 'saw'.","గతంలో ('last night') పూర్తయిన చర్య కోసం, మేము V2 ఫారం 'saw'ని ఉపయోగిస్తాము."
4,mcq,Which of these is NOT an irregular verb?,వీటిలో ఏది ఇర్రెగ్యులర్ వెర్బ్ కాదు?,break,sing,talk,write,C,"talk' is a regular verb because its past tense is formed by adding '-ed' (talked). The others are irregular (broke, sang, wrote).","talk' ఒక రెగ్యులర్ వెర్బ్ ఎందుకంటే దాని పాస్ట్ టెన్స్ '-ed' (talked) జోడించడం ద్వారా ఏర్పడుతుంది. మిగతావి ఇర్రెగ్యులర్ (broke, sang, wrote)."
5,mcq,Which sentence describes a daily routine?,ఏ వాక్యం రోజువారీ దినచర్యను వివరిస్తుంది?,He is playing football.,He plays football every day.,He played football yesterday.,He will play football tomorrow.,B,The Simple Present Tense ('plays') with 'every day' is used to describe habits and routines.,every day'తో సింపుల్ ప్రెసెంట్ టెన్స్ ('plays') అలవాట్లు మరియు దినచర్యలను వివరించడానికి ఉపయోగించబడుతుంది.
5,mcq,Choose the correct verb form: The sun ____ in the east.,సరైన వెర్బ్ ఫారం ఎంచుకోండి: సూర్యుడు తూర్పున .,rise,rises,is rising,rose,B,"For general truths and facts, we use the Simple Present Tense. For a third-person singular subject ('The sun'), we add '-s'.","సాధారణ సత్యాలు మరియు వాస్తవాల కోసం, మేము సింపుల్ ప్రెసెంట్ టెన్స్ ని ఉపయోగిస్తాము. థర్డ్-పర్సన్ సింగులర్ సబ్జెక్ట్ ('The sun') కోసం, మేము '-s' జోడిస్తాము."
5,mcq,Which sentence is grammatically correct?,వ్యాకరణపరంగా ఏ వాక్యం సరైనది?,She don't like coffee.,She doesn't likes coffee.,She doesn't like coffee.,She no like coffee.,C,"For negative sentences with 'he', 'she', or 'it', we use 'doesn't' followed by the base form of the verb ('like').","he', 'she', లేదా 'it'తో నెగటివ్ వాక్యాల కోసం, మేము 'doesn't' తర్వాత వెర్బ్ యొక్క బేస్ ఫారం ('like') ఉపయోగిస్తాము."
5,mcq,What do we use the Simple Present Tense for?,సింపుల్ ప్రెసెంట్ టెన్స్ ని దేనికి ఉపయోగిస్తాము?,Actions happening now,Completed past actions,Habits and general truths,Future plans,C,"The Simple Present Tense is primarily used for expressing habits, routines, and facts that are generally true.","సింపుల్ ప్రెసెంట్ టెన్స్ ప్రధానంగా అలవాట్లు, దినచర్యలు మరియు సాధారణంగా నిజమైన వాస్తవాలను వ్యక్తీకరించడానికి ఉపయోగించబడుతుంది."
6,mcq, you speak English?, మీరు ఇంగ్లీష్ మాట్లాడతారా?,Is,Are,Do,Does,C,Use 'Do' for questions with 'you' in the simple present tense.,సింపుల్ ప్రెసెంట్ టెన్స్ లో 'you'తో ప్రశ్నల కోసం 'Do' ఉపయోగించండి.
6,mcq,She ____ like tea.,ఆమెకు టీ ఇష్టం .,don't,doesn't,isn't,aren't,B,Use 'doesn't' for negative statements with 'she' in the simple present tense.,సింపుల్ ప్రెసెంట్ టెన్స్ లో 'she'తో నెగటివ్ స్టేట్మెంట్స్ కోసం 'doesn't' ఉపయోగించండి.
6,mcq,They ____ live here.,వారు ఇక్కడ నివసించరు .,don't,doesn't,not,no,A,Use 'don't' for negative statements with 'they'.,they'తో నెగటివ్ స్టేట్మెంట్స్ కోసం 'don't' ఉపయోగించండి.
6,mcq,Which is the correct question?,ఏది సరైన ప్రశ్న?,Does they go to school?,Do she go to school?,Does he go to school?,Do he goes to school?,C,The correct structure is 'Does' + (he/she/it) + base verb ('go').,సరైన నిర్మాణం 'Does' + (he/she/it) + బేస్ వెర్బ్ ('go').
7,mcq, do you live?, మీరు ఎక్కడ నివసిస్తున్నారు?,What,Where,When,Why,B,Where' is the WH-question word used to ask about a location.,Where' అనేది ఒక ప్రదేశం గురించి అడగడానికి ఉపయోగించే WH-ప్రశ్న పదం.
7,mcq, does she wake up?, ఆమె ఎప్పుడు నిద్రలేస్తుంది?,How,What,When,Who,C,When' is used to ask questions about time.,When' సమయం గురించి ప్రశ్నలు అడగడానికి ఉపయోగించబడుతుంది.
7,mcq, don't you eat breakfast?, మీరు అల్పాహారం ఎందుకు తినరు?,Why,What,Where,How,A,Why' is used to ask for a reason.,Why' కారణం అడగడానికి ఉపయోగించబడుతుంది.
7,mcq, does he travel to work?, అతను పనికి ఎలా ప్రయాణిస్తాడు?,When,Who,What,How,D,How' is used to ask about the manner or method of doing something.,How' ఏదైనా చేసే విధానం లేదా పద్ధతి గురించి అడగడానికి ఉపయోగించబడుతుంది.
8,mcq,I ____ a movie yesterday.,నేను నిన్న ఒక సినిమా .,watch,watched,watching,watches,B,Use the simple past tense (V2 form 'watched') for actions completed in the past.,గతంలో పూర్తయిన చర్యల కోసం సింపుల్ పాస్ట్ టెన్స్ (V2 ఫారం 'watched') ఉపయోగించండి.
8,mcq,They ____ to the park last week.,వారు గత వారం పార్కుకు .,go,goes,went,gone,C,went' is the irregular V2 form of 'go' and is used for the simple past.,went' అనేది 'go' యొక్క ఇర్రెగ్యులర్ V2 ఫారం మరియు సింపుల్ పాస్ట్ కోసం ఉపయోగించబడుతుంది.
8,mcq,We ____ our friends two days ago.,మేము మా స్నేహితులను రెండు రోజుల క్రితం .,meet,met,meeting,meets,B,met' is the V2 form of the verb 'meet'.,met' అనేది 'meet' అనే వెర్బ్ యొక్క V2 ఫారం.
8,mcq,He ____ his work an hour ago.,అతను ఒక గంట క్రితం తన పనిని .,finish,finishes,finishing,finished,D,Use the regular past tense form 'finished' for a completed past action.,పూర్తయిన గత చర్య కోసం రెగ్యులర్ పాస్ట్ టెన్స్ ఫారం 'finished' ఉపయోగించండి.
9,mcq, you see the movie last night?, మీరు నిన్న రాత్రి సినిమా చూశారా?,Do,Does,Did,Are,C,Use 'Did' to ask questions in the simple past tense.,సింపుల్ పాస్ట్ టెన్స్ లో ప్రశ్నలు అడగడానికి 'Did' ఉపయోగించండి.
9,mcq,She ____ not come to the party.,ఆమె పార్టీకి రాలేదు.,did,do,does,is,A,The correct negative structure in the simple past is 'did not' or 'didn't'.,సింపుల్ పాస్ట్ లో సరైన నెగటివ్ నిర్మాణం 'did not' లేదా 'didn't'.
9,mcq, he finish his homework?, అతను తన హోంవర్క్ పూర్తి చేశాడా?,Do,Did,Does,Was,B,The structure for a past question is 'Did' + subject + base verb.,గత ప్రశ్నకు నిర్మాణం 'Did' + సబ్జెక్ట్ + బేస్ వెర్బ్.
9,mcq,I ____ know the answer.,నాకు సమాధానం తెలియదు.,didn't,don't,doesn't,am not,A,"To make a negative statement about something you did not know in the past, use 'didn't'.","గతంలో మీకు తెలియని దాని గురించి నెగటివ్ స్టేట్మెంట్ చేయడానికి, 'didn't' ఉపయోగించండి."
10,mcq, did you go yesterday?, మీరు నిన్న ఎక్కడికి వెళ్లారు?,What,Where,When,Why,B,Where' asks about the location of a past action.,Where' గత చర్య యొక్క ప్రదేశం గురించి అడుగుతుంది.
10,mcq, did she say?, ఆమె ఏమి చెప్పింది?,What,Why,How,When,A,What' asks for information about something that was said.,What' చెప్పబడిన దాని గురించి సమాచారం అడుగుతుంది.
10,mcq,____ did you buy the new phone?,____ మీరు కొత్త ఫోన్ ఎందుకు కొన్నారు?,How,Why,What,Where,B,Why' is used to ask for the reason behind a past action.,Why' గత చర్య వెనుక ఉన్న కారణం అడగడానికి ఉపయోగించబడుతుంది.
10,mcq,____ did he fix the car?,____ అతను కారును ఎలా రిపేర్ చేశాడు?,When,How,What,Who,B,How' asks about the method or manner of a past action.,How' గత చర్య యొక్క పద్ధతి లేదా విధానం గురించి అడుగుతుంది.
11,mcq,I ____ go to the market tomorrow.,నేను రేపు మార్కెట్‌కు .,will,am,was,did,A,Use 'will' to express a future action or intention.,భవిష్యత్ చర్య లేదా ఉద్దేశాన్ని వ్యక్తీకరించడానికి 'will' ఉపయోగించండి.
11,mcq,They ____ not attend the meeting.,వారు సమావేశానికి హాజరుకారు.,will,are,did,do,A,Use 'will not' or 'won't' for negative statements in the simple future.,సింపుల్ ఫ్యూచర్ లో నెగటివ్ స్టేట్మెంట్స్ కోసం 'will not' లేదా 'won't' ఉపయోగించండి.
11,mcq,He ____ call you later.,అతను మీకు తర్వాత కాల్ చేస్తాడు.,will,is,does,did,A,will' is used to show a simple future action for the subject 'he'.,will' అనేది 'he' అనే సబ్జెక్ట్ కోసం ఒక సింపుల్ ఫ్యూచర్ యాక్షన్ ను చూపించడానికి ఉపయోగించబడుతుంది.
11,mcq,It ____ rain tomorrow.,రేపు వర్షం .,will,is,was,has,A,will' is used to make predictions about the future.,will' భవిష్యత్తు గురించి అంచనాలు వేయడానికి ఉపయోగించబడుతుంది.
12,mcq, will you arrive?,____ మీరు ఎప్పుడు వస్తారు?,When,What,Who,Which,A,When' is used to ask about the time of a future event.,When' భవిష్యత్ సంఘటన యొక్క సమయం గురించి అడగడానికి ఉపయోగించబడుతుంది.
12,mcq,____ will they eat for dinner?,____ వారు రాత్రి భోజనానికి ఏమి తింటారు?,What,Where,How,Why,A,What' is used to ask for information about something in the future.,What' భవిష్యత్తులో ఏదైనా దాని గురించి సమాచారం అడగడానికి ఉపయోగించబడుతుంది.
12,mcq,____ will you travel? By train or by bus?,____ మీరు ఎలా ప్రయాణిస్తారు? రైలులోనా లేక బస్సులోనా?,Why,How,What,When,B,How' asks about the method or manner of a future action.,How' భవిష్యత్ చర్య యొక్క పద్ధతి లేదా విధానం గురించి అడుగుతుంది.
12,mcq,____ won't he join us?,____ అతను మాతో ఎందుకు చేరడు?,What,Where,Why,How,C,Why' is used to ask for the reason for a future negative action.,Why' భవిష్యత్ నెగటివ్ చర్యకు కారణం అడగడానికి ఉపయోగించబడుతుంది.
13,mcq,Look! The baby ____.,చూడు! పాప ____.,is sleeping,sleeps,slept,will sleep,A,The Present Continuous tense ('is sleeping') is used for actions happening right now.,ప్రస్తుతం జరుగుతున్న చర్యల కోసం ప్రెసెంట్ కంటిన్యూయస్ టెన్స్ ('is sleeping') ఉపయోగించబడుతుంది.
13,mcq,I ____ English now.,నేను ఇప్పుడు ఇంగ్లీష్ ____.,am learning,learn,learned,will learn,A,am learning' is the correct Present Continuous form for the subject 'I'.,am learning' అనేది 'I' అనే సబ్జెక్ట్ కోసం సరైన ప్రెసెంట్ కంటిన్యూయస్ ఫారం.
13,mcq,What are you ____?,నువ్వు ఏమి ____?,doing,do,did,done,A,The structure is 'are' + subject + V-ing form ('doing').,నిర్మాణం 'are' + సబ్జెక్ట్ + V-ing ఫారం ('doing').
13,mcq,She ____ on the phone right now.,ఆమె ప్రస్తుతం ఫోన్‌లో ____.,isn't talking,doesn't talk,didn't talk,won't talk,A,Use 'isn't talking' for a negative action in progress at the moment.,ప్రస్తుతం జరుగుతున్న నెగటివ్ చర్య కోసం 'isn't talking' ఉపయోగించండి.
14,mcq,I was ____ a book when you called.,నువ్వు కాల్ చేసినప్పుడు నేను ఒక పుస్తకం ____.,reading,read,reads,am reading,A,The Past Continuous ('was reading') describes an ongoing action in the past that was interrupted.,పాస్ట్ కంటిన్యూయస్ ('was reading') గతంలో జరుగుతూ అంతరాయం కలిగిన ఒక చర్యను వివరిస్తుంది.
14,mcq,They ____ football at 5 PM yesterday.,వారు నిన్న సాయంత్రం 5 గంటలకు ఫుట్‌బాల్ ____.,was playing,were playing,played,play,B,Use 'were playing' for a plural subject ('They') to describe an action in progress at a specific time in the past.,గతంలో ఒక నిర్దిష్ట సమయంలో జరుగుతున్న చర్యను వివరించడానికి ప్లూరల్ సబ్జెక్ట్ ('They') కోసం 'were playing' ఉపయోగించండి.
14,mcq,What ____ you doing at 10 PM last night?,నిన్న రాత్రి 10 గంటలకు నువ్వు ఏమి ____?,was,were,are,did,B,Use 'were' with the subject 'you' for past continuous questions.,పాస్ట్ కంటిన్యూయస్ ప్రశ్నల కోసం 'you' అనే సబ్జెక్ట్ తో 'were' ఉపయోగించండి.
14,mcq,It ____ raining when I left home.,నేను ఇంటి నుండి బయలుదేరినప్పుడు వర్షం ____.,was,is,were,has,A,was raining' describes the weather condition that was in progress.,was raining' జరుగుతున్న వాతావరణ పరిస్థితిని వివరిస్తుంది.
15,mcq,"This time tomorrow, I ____ on a beach.","రేపు ఈ సమయానికి, నేను బీచ్‌లో ____.",will be relaxing,will relax,am relaxing,relaxed,A,The Future Continuous ('will be relaxing') describes an action that will be in progress at a specific time in the future.,ఫ్యూచర్ కంటిన్యూయస్ ('will be relaxing') భవిష్యత్తులో ఒక నిర్దిష్ట సమయంలో జరుగుతున్న ఒక చర్యను వివరిస్తుంది.
15,mcq,They ____ for their exams next week.,వారు వచ్చే వారం వారి పరీక్షల కోసం ____.,will be studying,study,studied,will study,A,Use 'will be studying' to talk about an ongoing activity over a period of time in the future.,భవిష్యత్తులో కొంతకాలం పాటు జరుగుతున్న కార్యాచరణ గురించి మాట్లాడటానికి 'will be studying' ఉపయోగించండి.
15,mcq,"Don't call me at 9 PM, I .","రాత్రి 9 గంటలకు నాకు కాల్ చేయవద్దు, నేను .",will be sleeping,will sleep,sleep,am sleeping,A,will be sleeping' indicates an action that will be ongoing at that future point in time.,will be sleeping' ఆ భవిష్యత్ సమయంలో జరుగుతున్న ఒక చర్యను సూచిస్తుంది.
15,mcq,What will you be ____ in five years?,ఐదేళ్లలో మీరు ఏమి ____ ఉంటారు?,do,doing,done,did,B,The correct structure for the question is 'What will you be' + V-ing form ('doing').,ప్రశ్నకు సరైన నిర్మాణం 'What will you be' + V-ing ఫారం ('doing').
16,mcq,I ____ speak three languages.,నేను మూడు భాషలు .,can,could,may,should,A,Can' is used to express present ability.,Can' ప్రస్తుత సామర్థ్యాన్ని వ్యక్తీకరించడానికి ఉపయోగించబడుతుంది.
16,mcq,"When I was a child, I ____ run very fast.","నేను చిన్నప్పుడు, చాలా వేగంగా .",can,could,may,might,B,Could' is used to express a general ability in the past.,Could' గతంలో ఒక సాధారణ సామర్థ్యాన్ని వ్యక్తీకరించడానికి ఉపయోగించబడుతుంది.
16,mcq,He ____ not see the board clearly.,అతనికి బోర్డు స్పష్టంగా కనిపించడం లేదు.,can,could,is,has,A,cannot' or 'can't' is used to express a lack of ability in the present.,cannot' లేదా 'can't' ప్రస్తుతం సామర్థ్యం లేకపోవడాన్ని వ్యక్తీకరించడానికి ఉపయోగించబడుతుంది.
16,mcq, you help me with this box? It's too heavy., మీరు ఈ పెట్టెతో నాకు సహాయం చేయగలరా? ఇది చాలా బరువుగా ఉంది.,Could,Should,Must,May,A,Could' is a polite way to make a request.,Could' అభ్యర్థన చేయడానికి ఒక మర్యాదపూర్వక మార్గం.
17,mcq,"It ____ rain later, the sky is cloudy.","తర్వాత వర్షం ____, ఆకాశం మేఘావృతమై ఉంది.",may,must,should,can,A,May' is used to express a possibility.,May' ఒక సంభావ్యతను వ్యక్తీకరించడానికి ఉపయోగించబడుతుంది.
17,mcq,"I ____ go to the party, but I'm not sure yet.","నేను పార్టీకి ____, కానీ నాకు ఇంకా ఖచ్చితంగా తెలియదు.",might,must,should,will,A,Might' expresses a weaker possibility than 'may'.,Might' 'may' కంటే బలహీనమైన సంభావ్యతను వ్యక్తీకరిస్తుంది.
17,mcq,Take an umbrella. It ____ rain.,గొడుగు తీసుకోండి. వర్షం ____.,might,has to,should,can,A,Might' is used to suggest a possible future event.,Might' సాధ్యమయ్యే భవిష్యత్ సంఘటనను సూచించడానికి ఉపయోగించబడుతుంది.
17,mcq,He is late. He ____ miss the train.,అతను ఆలస్యం అయ్యాడు. అతను రైలును ____.,may,can,has to,should,A,may' expresses the possibility that he will miss the train because he is late.,may' అతను ఆలస్యం అయినందున రైలును కోల్పోయే సంభావ్యతను వ్యక్తీకరిస్తుంది.
18,mcq,You ____ study for your exams to get good marks.,మంచి మార్కులు పొందడానికి మీరు మీ పరీక్షల కోసం ____.,should,can,may,must,A,Should' is used to give advice or a recommendation.,Should' సలహా లేదా సిఫార్సు ఇవ్వడానికి ఉపయోగించబడుతుంది.
18,mcq,He ____ be more polite to his elders.,అతను తన పెద్దలతో మరింత మర్యాదగా ____.,should,can,might,would,A,Should' expresses a duty or what is considered the right thing to do.,Should' ఒక కర్తవ్యాన్ని లేదా సరైన పనిగా పరిగణించబడేదాన్ని వ్యక్తీకరిస్తుంది.
18,mcq,People ____ not waste water.,ప్రజలు నీటిని వృధా చేయకూడదు ____.,should,can't,may not,mustn't,A,Should not' or 'shouldn't' is used to advise against doing something.,Should not' లేదా 'shouldn't' ఏదైనా చేయవద్దని సలహా ఇవ్వడానికి ఉపయోగించబడుతుంది.
18,mcq,What ____ I do to improve my English?,నా ఇంగ్లీష్ మెరుగుపరచుకోవడానికి నేను ఏమి ____?,should,can,will,may,A,Use 'should' to ask for advice or a suggestion.,సలహా లేదా సూచన అడగడానికి 'should' ఉపయోగించండి.
19,mcq,You ____ wear a helmet when riding a bike. It's the law.,బైక్ నడిపేటప్పుడు మీరు హెల్మెట్ ధరించాలి ____. ఇది చట్టం.,must,should,can,may,A,"Must' is used for strong obligation, often based on a rule or law.","Must' బలమైన బాధ్యత కోసం ఉపయోగించబడుతుంది, తరచుగా ఒక నియమం లేదా చట్టం ఆధారంగా."
19,mcq,I ____ finish this work by today. The deadline is tomorrow.,నేను ఈ పనిని ఈరోజు పూర్తి చేయాలి ____. గడువు రేపు.,must,should,can,might,A,Must' expresses a strong necessity or personal obligation.,Must' ఒక బలమైన అవసరాన్ని లేదా వ్యక్తిగత బాధ్యతను వ్యక్తీకరిస్తుంది.
19,mcq,Students ____ not use their phones in the classroom.,విద్యార్థులు తరగతి గదిలో వారి ఫోన్లను ఉపయోగించకూడదు ____.,must,should,cannot,may not,A,Must not' or 'mustn't' expresses a strong prohibition.,Must not' లేదా 'mustn't' ఒక బలమైన నిషేధాన్ని వ్యక్తీకరిస్తుంది.
19,mcq,She looks very ill. She ____ see a doctor.,ఆమె చాలా అనారోగ్యంగా కనిపిస్తోంది. ఆమె డాక్టర్‌ను చూడాలి ____.,must,can,may,will,A,Must' is used to express a strong recommendation or that something is very necessary.,Must' ఒక బలమైన సిఫార్సును లేదా ఏదైనా చాలా అవసరమని వ్యక్తీకరించడానికి ఉపయోగించబడుతుంది.
20,mcq,"When I lived in the village, I ____ walk for miles every day.","నేను గ్రామంలో నివసించినప్పుడు, నేను ప్రతిరోజూ మైళ్ల దూరం ____.",would,should,must,can,A,"Would' can be used to describe repeated, habitual actions in the past.","Would' గతంలో పునరావృతమయ్యే, అలవాటైన చర్యలను వివరించడానికి ఉపయోగించబడుతుంది."
20,mcq,My grandfather ____ tell us stories every night.,మా తాతయ్య ప్రతి రాత్రి మాకు కథలు చెబుతారు ____.,would,should,must,can,A,Would' is used here to talk about a past habit.,Would' ఇక్కడ ఒక గత అలవాటు గురించి మాట్లాడటానికి ఉపయోగించబడింది.
20,mcq,She ____ often call me after dinner.,ఆమె తరచుగా రాత్రి భోజనం తర్వాత నాకు కాల్ చేస్తుంది ____.,would,should,must,can,A,"This sentence describes a past habit, so 'would' is appropriate.","ఈ వాక్యం ఒక గత అలవాటును వివరిస్తుంది, కాబట్టి 'would' సరైనది."
20,mcq,He ____ not eat vegetables as a child.,అతను చిన్నప్పుడు కూరగాయలు తినేవాడు కాదు ____.,would,should,must,can,A,Would not' can be used to describe a negative past habit.,Would not' ఒక నెగటివ్ గత అలవాటును వివరించడానికి ఉపయోగించబడుతుంది.
21,mcq,I ____ a new car.,నా దగ్గర ఒక కొత్త కారు ____.,have,has,am,is,A,Use 'have' for possession with the subject 'I'.,I' అనే సబ్జెక్ట్ తో స్వాధీనం కోసం 'have' ఉపయోగించండి.
21,mcq,She ____ two brothers.,ఆమెకు ఇద్దరు సోదరులు .,has,have,is,are,A,"Use 'has' for possession with the subjects 'he', 'she', or 'it'.","he', 'she', లేదా 'it' అనే సబ్జెక్ట్ లతో స్వాధీనం కోసం 'has' ఉపయోగించండి."
21,mcq,They ____ a big house in the city.,వారికి నగరంలో ఒక పెద్ద ఇల్లు .,have,has,are,is,A,Use 'have' for possession with the plural subject 'They'.,ప్లూరల్ సబ్జెక్ట్ 'They'తో స్వాధీనం కోసం 'have' ఉపయోగించండి.
21,mcq,He doesn't ____ enough time.,అతనికి తగినంత సమయం లేదు.,have,has,had,having,A,"In negative sentences with 'doesn't', always use the base form 'have'.","doesn't'తో నెగటివ్ వాక్యాలలో, ఎల్లప్పుడూ బేస్ ఫారం 'have' ఉపయోగించండి."
22,mcq,I ____ just finished my lunch.,నేను ఇప్పుడే నా భోజనం పూర్తి చేశాను.,have,has,had,am,A,The Present Perfect tense ('have' + V3) is used for recently completed actions.,ప్రెసెంట్ పర్ఫెక్ట్ టెన్స్ ('have' + V3) ఇటీవల పూర్తయిన చర్యల కోసం ఉపయోగించబడుతుంది.
22,mcq,She ____ never been to London.,ఆమె ఎప్పుడూ లండన్‌కు వెళ్లలేదు.,has,have,had,is,A,Use 'has' with 'she' in the Present Perfect tense.,ప్రెసెంట్ పర్ఫెక్ట్ టెన్స్ లో 'she'తో 'has' ఉపయోగించండి.
22,mcq, you ever eaten sushi?,మీరు ఎప్పుడైనా సుషీ తిన్నారా?,Have,Has,Did,Do,A,Use 'Have' to start a Present Perfect question with 'you'.,you'తో ఒక ప్రెసెంట్ పర్ఫెక్ట్ ప్రశ్నను ప్రారంభించడానికి 'Have' ఉపయోగించండి.
22,mcq,He ____ not completed his project yet.,అతను ఇంకా తన ప్రాజెక్ట్‌ను పూర్తి చేయలేదు.,has,have,did,does,A,The negative form in Present Perfect for 'he' is 'has not' or 'hasn't'.,he' కోసం ప్రెసెంట్ పర్ఫెక్ట్ లో నెగటివ్ ఫారం 'has not' లేదా 'hasn't'.
23,mcq,"When I arrived, the train ____ already left.","నేను వచ్చినప్పుడు, రైలు అప్పటికే వెళ్లిపోయింది.",had,has,have,was,A,The Past Perfect ('had' + V3) is used for an action that happened before another past action.,పాస్ట్ పర్ఫెక్ట్ ('had' + V3) మరొక గత చర్యకు ముందు జరిగిన చర్య కోసం ఉపయోగించబడుతుంది.
23,mcq,She told me she ____ finished her homework.,ఆమె తన హోంవర్క్ పూర్తి చేసిందని నాకు చెప్పింది.,had,has,have,was,A,Use Past Perfect to report something that happened before the 'telling'.,చెప్పడానికి' ముందు జరిగిన దానిని నివేదించడానికి పాస్ట్ పర్ఫెక్ట్ ఉపయోగించండి.
23,mcq,He failed the exam because he ____ not studied.,అతను చదవనందున పరీక్షలో ఫెయిల్ అయ్యాడు.,had,has,did,was,A,The studying (or not studying) happened before he failed the exam.,అతను పరీక్షలో ఫెయిల్ అవ్వడానికి ముందు చదవడం (లేదా చదవకపోవడం) జరిగింది.
23,mcq,I ____ never seen such a beautiful place before I visited Kashmir.,నేను కాశ్మీర్ సందర్శించడానికి ముందు అంత అందమైన ప్రదేశాన్ని ఎప్పుడూ చూడలేదు.,had,have,did,was,A,The 'seeing' relates to the time before the past action of 'visiting'.,చూడటం' అనేది 'సందర్శించడం' అనే గత చర్యకు ముందు సమయానికి సంబంధించినది.
24,mcq,"By next year, I ____ my graduation.","వచ్చే ఏడాది నాటికి, నేను నా గ్రాడ్యుయేషన్ ____.",will have completed,will complete,complete,am completing,A,The Future Perfect ('will have' + V3) is for an action that will be completed before a certain time in the future.,ఫ్యూచర్ పర్ఫెక్ట్ ('will have' + V3) భవిష్యత్తులో ఒక నిర్దిష్ట సమయానికి ముందు పూర్తి అయ్యే చర్య కోసం.
24,mcq,She ____ her project by the deadline.,ఆమె గడువులోగా తన ప్రాజెక్ట్‌ను ____.,will have finished,will finish,finishes,is finishing,A,Use Future Perfect to emphasize completion by a future point.,భవిష్యత్ పాయింట్ నాటికి పూర్తిని నొక్కి చెప్పడానికి ఫ్యూచర్ పర్ఫెక్ట్ ఉపయోగించండి.
24,mcq,"By 10 PM, the movie ____.","రాత్రి 10 గంటల నాటికి, సినిమా ____.",will have started,will start,starts,is starting,A,The starting of the movie is an action that will be completed before 10 PM.,సినిమా ప్రారంభం 10 గంటలకు ముందు పూర్తి అయ్యే చర్య.
24,mcq,Will you ____ your work by the time I come back?,నేను తిరిగి వచ్చేసరికి నువ్వు నీ పనిని ____?,have finished,finish,be finishing,finished,A,The question structure is 'Will' + subject + 'have' + V3.,ప్రశ్న నిర్మాణం 'Will' + సబ్జెక్ట్ + 'have' + V3.
25,mcq,You missed the train. You ____ left earlier.,నువ్వు రైలును మిస్ అయ్యావు. నువ్వు ముందుగా బయలుదేరి ఉండాల్సింది.,should have,must have,could have,would have,A,Should have' + V3 is used to express regret or criticism about a past action.,Should have' + V3 గత చర్య గురించి విచారం లేదా విమర్శను వ్యక్తీకరించడానికి ఉపయోగించబడుతుంది.
25,mcq,The ground is wet. It ____ rained last night.,నేల తడిగా ఉంది. నిన్న రాత్రి వర్షం పడి ఉండాలి.,must have,should have,could have,would have,B,Must have' + V3 expresses a strong assumption or logical conclusion about the past.,Must have' + V3 గతం గురించి ఒక బలమైన ఊహ లేదా తార్కిక ముగింపును వ్యక్తీకరిస్తుంది.
25,mcq,I can't find my keys. I ____ left them in the car.,నా తాళాలు కనిపించడం లేదు. నేను వాటిని కారులో వదిలేసి ఉండాలి.,must have,should have,would have,will have,A,Must have' is used when you are almost certain about a past event.,గత సంఘటన గురించి మీరు దాదాపు ఖచ్చితంగా ఉన్నప్పుడు 'Must have' ఉపయోగించబడుతుంది.
25,mcq,You look tired. You ____ gone to bed earlier.,నువ్వు అలసిపోయినట్లు కనిపిస్తున్నావు. నువ్వు ముందుగా నిద్రపోయి ఉండాల్సింది.,should have,must have,could have,would have,A,This is advice about a past situation.,ఇది గత పరిస్థితి గురించి సలహా.
26,mcq,She is not answering her phone. She ____ gone out.,ఆమె ఫోన్ తీయడం లేదు. ఆమె బయటకు వెళ్లి ఉండవచ్చు.,may have,must have,should have,would have,A,May have' + V3 expresses a possibility about a past action.,May have' + V3 గత చర్య గురించి ఒక సంభావ్యతను వ్యక్తీకరిస్తుంది.
26,mcq,I'm not sure why he is absent. He ____ been sick.,అతను ఎందుకు హాజరు కాలేదో నాకు ఖచ్చితంగా తెలియదు. అతను అనారోగ్యంగా ఉండి ఉండవచ్చు.,might have,must have,should have,would have,A,Might have' + V3 expresses a weaker possibility about the past than 'may have'.,Might have' + V3 'may have' కంటే గతం గురించి బలహీనమైన సంభావ్యతను వ్యక్తీకరిస్తుంది.
26,mcq,The project failed. They ____ not planned it properly.,ప్రాజెక్ట్ విఫలమైంది. వారు దానిని సరిగ్గా ప్లాన్ చేసి ఉండకపోవచ్చు.,might have,must have,should have,would have,A,Might have not' suggests a possible reason for a past failure.,Might have not' గత వైఫల్యానికి సాధ్యమయ్యే కారణాన్ని సూచిస్తుంది.
26,mcq,He looks happy. He ____ passed the exam.,అతను సంతోషంగా కనిపిస్తున్నాడు. అతను పరీక్షలో పాస్ అయి ఉండవచ్చు.,may have,must have,should have,would have,A,May have' indicates a possible explanation for his happiness.,May have' అతని సంతోషానికి సాధ్యమయ్యే వివరణను సూచిస్తుంది.
27,mcq,"If I had studied harder, I ____ passed the exam.","నేను కష్టపడి చదివి ఉంటే, నేను పరీక్షలో పాస్ అయ్యేవాడిని.",would have,will have,should have,must have,A,Would have' + V3 is used in hypothetical past conditional sentences.,Would have' + V3 ఊహాజనిత గత షరతులతో కూడిన వాక్యాలలో ఉపయోగించబడుతుంది.
27,mcq,You were driving too fast. You ____ had an accident.,నువ్వు చాలా వేగంగా నడుపుతున్నావు. నీకు ప్రమాదం జరిగి ఉండేది.,could have,should have,must have,would have,A,Could have' + V3 talks about a past possibility that did not happen.,Could have' + V3 జరగని గత సంభావ్యత గురించి మాట్లాడుతుంది.
27,mcq,"She had the chance to go abroad, but she didn't. She ____ become a famous singer.","ఆమెకు విదేశాలకు వెళ్లే అవకాశం వచ్చింది, కానీ ఆమె వెళ్ళలేదు. ఆమె ఒక ప్రసిద్ధ గాయని అయి ఉండేది.",could have,must have,should have,would have,A,Could have' refers to an unrealized past opportunity or ability.,Could have' ఒక గ్రహించని గత అవకాశం లేదా సామర్థ్యాన్ని సూచిస్తుంది.
27,mcq,Why did you do that? You ____ told me the truth.,నువ్వు ఎందుకు అలా చేశావు? నువ్వు నాకు నిజం చెప్పి ఉండాల్సింది.,could have,must have,should have,would have,A,Could have' can also be used to express mild criticism about a past choice.,Could have' గత ఎంపిక గురించి తేలికపాటి విమర్శను వ్యక్తీకరించడానికి కూడా ఉపయోగించబడుతుంది.
28,mcq,Which sentence refers to a completed past action at a specific time?,ఏ వాక్యం ఒక నిర్దిష్ట సమయంలో పూర్తయిన గత చర్యను సూచిస్తుంది?,I was watching TV.,I watched TV yesterday.,I have watched TV.,I had watched TV.,B,Simple Past ('watched') with a time marker ('yesterday') is used for this purpose.,ఈ ప్రయోజనం కోసం టైమ్ మార్కర్ ('yesterday')తో సింపుల్ పాస్ట్ ('watched') ఉపయోగించబడుతుంది.
28,mcq,I didn't go to the party.' This sentence is in the ____.,నేను పార్టీకి వెళ్ళలేదు.' ఈ వాక్యం ____లో ఉంది.,Simple Past,Past Continuous,Past Perfect,Present Perfect,A,The use of 'didn't' + base verb ('go') is the structure for the Simple Past negative.,didn't' + బేస్ వెర్బ్ ('go') యొక్క ఉపయోగం సింపుల్ పాస్ట్ నెగటివ్ కోసం నిర్మాణం.
28,mcq,I was sleeping when you called.' The action of 'sleeping' was ____.,నువ్వు కాల్ చేసినప్పుడు నేను నిద్రపోతున్నాను.' 'నిద్రపోవడం' అనే చర్య ____.,completed before the call,interrupted by the call,started after the call,a future plan,B,Past Continuous is used for an ongoing action that was interrupted.,జరుగుతున్న చర్యకు అంతరాయం కలిగినప్పుడు పాస్ట్ కంటిన్యూయస్ ఉపయోగించబడుతుంది.
28,mcq,He said he ____ never seen a ghost.,అతను ఎప్పుడూ దెయ్యాన్ని చూడలేదని చెప్పాడు.,had,has,was,did,A,"When reporting what someone said in the past, we often use the Past Perfect.","గతంలో ఎవరైనా చెప్పినదానిని నివేదించేటప్పుడు, మనం తరచుగా పాస్ట్ పర్ఫెక్ట్ ఉపయోగిస్తాము."
29,mcq,I am tired because I ____ all day.,నేను అలసిపోయాను ఎందుకంటే నేను రోజంతా ____.,have been working,am working,worked,had been working,A,"Present Perfect Continuous is used for an action that started in the past and continues to the present, with a result now (being tired).","ప్రెసెంట్ పర్ఫెక్ట్ కంటిన్యూయస్ గతంలో ప్రారంభమై ప్రస్తుతానికి కొనసాగే చర్య కోసం ఉపయోగించబడుతుంది, ఇప్పుడు ఫలితంతో (అలసిపోవడం)."
29,mcq,She ____ English for five years.,ఆమె ఐదేళ్లుగా ఇంగ్లీష్ ____.,has been learning,is learning,learns,had been learning,A,This tense emphasizes the duration of an action from the past until now.,ఈ టెన్స్ గతం నుండి ఇప్పటి వరకు ఒక చర్య యొక్క వ్యవధిని నొక్కి చెబుతుంది.
29,mcq,It ____ since morning.,ఉదయం నుండి ____.,has been raining,is raining,rains,rained,A,Use Present Perfect Continuous for an action that started in the morning and is still continuing.,ఉదయం ప్రారంభమై ఇంకా కొనసాగుతున్న చర్య కోసం ప్రెసెంట్ పర్ఫెక్ట్ కంటిన్యూయస్ ఉపయోగించండి.
29,mcq,They are dirty. They ____ in the garden.,వారు మురికిగా ఉన్నారు. వారు తోటలో ____.,have been playing,are playing,played,play,A,The present result (being dirty) is because of the continuous past action.,ప్రస్తుత ఫలితం (మురికిగా ఉండటం) నిరంతర గత చర్య కారణంగా ఉంది.
30,mcq,He was tired. He ____ for hours.,అతను అలసిపోయాడు. అతను గంటల తరబడి ____.,had been running,has been running,was running,ran,A,Past Perfect Continuous is used for a continuous action that happened before another point in the past.,పాస్ట్ పర్ఫెక్ట్ కంటిన్యూయస్ గతంలో మరొక పాయింట్ ముందు జరిగిన నిరంతర చర్య కోసం ఉపయోగించబడుతుంది.
30,mcq,"By the time she arrived, we ____ for her for an hour.","ఆమె వచ్చేసరికి, మేము ఆమె కోసం ఒక గంటగా ____.",had been waiting,have been waiting,were waiting,waited,A,The 'waiting' was a continuous action before the past event of her 'arrival'.,ఆమె 'రాక' అనే గత సంఘటనకు ముందు 'వేచి ఉండటం' ఒక నిరంతర చర్య.
30,mcq,Her eyes were red. It was clear she ____.,ఆమె కళ్ళు ఎర్రగా ఉన్నాయి. ఆమె ____ అని స్పష్టంగా ఉంది.,had been crying,has been crying,was crying,cried,A,The past result (red eyes) was because of a continuous action before that moment.,ఆ క్షణానికి ముందు నిరంతర చర్య కారణంగా గత ఫలితం (ఎర్రటి కళ్ళు) ఉంది.
30,mcq,I found the watch he ____ for.,అతను ____ కోసం నేను గడియారాన్ని కనుగొన్నాను.,had been looking,has been looking,was looking,looked,A,The 'looking' was a continuous action in the past before the 'finding'.,కనుగొనడం'కు ముందు గతంలో 'చూడటం' ఒక నిరంతర చర్య.
31,mcq,"By next year, I ____ here for ten years.","వచ్చే ఏడాది నాటికి, నేను ఇక్కడ పదేళ్లుగా ____.",will have been working,will be working,will work,have been working,A,Future Perfect Continuous emphasizes the duration of an action up to a specific point in the future.,ఫ్యూచర్ పర్ఫెక్ట్ కంటిన్యూయస్ భవిష్యత్తులో ఒక నిర్దిష్ట పాయింట్ వరకు ఒక చర్య యొక్క వ్యవధిని నొక్కి చెబుతుంది.
31,mcq,"In June, she ____ French for two years.","జూన్‌లో, ఆమె రెండేళ్లుగా ఫ్రెంచ్ ____.",will have been learning,will be learning,will learn,has been learning,A,This tense connects the duration of the action to a future deadline.,ఈ టెన్స్ చర్య యొక్క వ్యవధిని భవిష్యత్ గడువుకు కలుపుతుంది.
31,mcq,"When he retires, he ____ as a teacher for 30 years.","అతను పదవీ విరమణ చేసినప్పుడు, అతను 30 ఏళ్లుగా ఉపాధ్యాయుడిగా ____.",will have been teaching,will be teaching,will teach,has been teaching,A,It focuses on the length of his career up to the point of his retirement.,ఇది అతని పదవీ విరమణ పాయింట్ వరకు అతని కెరీర్ యొక్క నిడివిపై దృష్టి పెడుతుంది.
31,mcq,"Next month, we ____ in this house for a year.","వచ్చే నెల, మేము ఈ ఇంట్లో ఒక సంవత్సరంగా ____.",will have been living,will be living,will live,have been living,A,This tense highlights the one-year duration by the time next month arrives.,ఈ టెన్స్ వచ్చే నెల వచ్చేసరికి ఒక సంవత్సరం వ్యవధిని హైలైట్ చేస్తుంది.
32,mcq,You look exhausted. You ____ too hard.,నువ్వు అలసిపోయినట్లు కనిపిస్తున్నావు. నువ్వు చాలా కష్టపడి ____.,must have been working,should have been working,could have been working,may have been working,A,Must have been' + V-ing expresses a strong assumption about a continuous past action.,Must have been' + V-ing నిరంతర గత చర్య గురించి ఒక బలమైన ఊహను వ్యక్తీకరిస్తుంది.
32,mcq,He failed the test. He ____ attention in class.,అతను పరీక్షలో ఫెయిల్ అయ్యాడు. అతను తరగతిలో శ్రద్ధ ____.,shouldn't have been paying,must not have been paying,couldn't have been paying,might not have been paying,B,Must not have been paying' is a logical conclusion for why he failed.,Must not have been paying' అతను ఎందుకు ఫెయిల్ అయ్యాడనేదానికి ఒక తార్కిక ముగింపు.
32,mcq,She was not at the party. She ____ something else.,ఆమె పార్టీలో లేదు. ఆమె మరేదో ____.,may have been doing,must have been doing,should have been doing,would have been doing,A,May have been doing' suggests a possible ongoing action as an explanation.,May have been doing' ఒక వివరణగా సాధ్యమయ్యే జరుగుతున్న చర్యను సూచిస్తుంది.
32,mcq,Why was the baby crying? It ____ hungry.,పాప ఎందుకు ఏడుస్తోంది? అది ఆకలితో ____.,might have been feeling,must have been feeling,should have been feeling,could have been feeling,A,Might have been feeling' offers a possible reason for the continuous action of crying.,Might have been feeling' ఏడుపు యొక్క నిరంతర చర్యకు సాధ్యమయ్యే కారణాన్ని అందిస్తుంది.
33,mcq,You are late again. You ____ an earlier bus.,నువ్వు మళ్లీ ఆలస్యం అయ్యావు. నువ్వు ముందు బస్సు ____.,should have been taking,must have been taking,could have been taking,would have been taking,A,Should have been' + V-ing is used to criticize a past continuous action or lack thereof.,Should have been' + V-ing గత నిరంతర చర్య లేదా దాని లేకపోవడాన్ని విమర్శించడానికి ఉపయోగించబడుతుంది.
33,mcq,His phone was engaged for an hour. He ____ to his friend.,అతని ఫోన్ ఒక గంట పాటు ఎంగేజ్‌లో ఉంది. అతను తన స్నేహితుడితో ____.,must have been talking,should have been talking,could have been talking,may have been talking,A,Must have been talking' is a strong conclusion about the continuous action.,Must have been talking' నిరంతర చర్య గురించి ఒక బలమైన ముగింపు.
33,mcq,You look much better. You ____ my advice.,నువ్వు చాలా బాగున్నావు. నువ్వు నా సలహా ____.,must have been following,should have been following,could have been following,would have been following,A,This is a positive assumption based on the good result.,ఇది మంచి ఫలితం ఆధారంగా ఒక సానుకూల ఊహ.
33,mcq,I'm sorry I forgot. I ____ attention.,నన్ను క్షమించండి నేను మర్చిపోయాను. నేను శ్రద్ధ ____.,should have been paying,must have been paying,could have been paying,would have been paying,A,This expresses regret for not performing a continuous action in the past.,ఇది గతంలో ఒక నిరంతర చర్యను చేయనందుకు విచారం వ్యక్తం చేస్తుంది.
34,mcq,"If she had practiced more, she ____ in the Olympics now.","ఆమె ఇంకా ప్రాక్టీస్ చేసి ఉంటే, ఆమె ఇప్పుడు ఒలింపిక్స్‌లో ____.",would have been competing,could have been competing,should have been competing,must have been competing,A,Would have been' + V-ing describes a hypothetical continuous result of a past condition.,Would have been' + V-ing గత పరిస్థితి యొక్క ఒక ఊహాజనిత నిరంతర ఫలితాన్ని వివరిస్తుంది.
34,mcq,"With better training, he ____ for the national team.","మంచి శిక్షణతో, అతను జాతీయ జట్టు కోసం ____.",could have been playing,must have been playing,should have been playing,would have been playing,A,Could have been' + V-ing refers to an unrealized continuous potential or opportunity.,Could have been' + V-ing ఒక గ్రహించని నిరంతర సంభావ్యత లేదా అవకాశాన్ని సూచిస్తుంది.
34,mcq,He didn't take the job. He ____ a much higher salary now.,అతను ఆ ఉద్యోగం తీసుకోలేదు. అతను ఇప్పుడు చాలా ఎక్కువ జీతం ____.,could have been earning,must have been earning,should have been earning,would have been earning,A,This talks about a missed opportunity for a continuous state (earning).,ఇది ఒక నిరంతర స్థితి (సంపాదించడం) కోసం ఒక తప్పిన అవకాశం గురించి మాట్లాడుతుంది.
34,mcq,"If you had told me earlier, I ____ for you all this time.","నువ్వు నాకు ముందుగా చెప్పి ఉంటే, నేను ఇంతసేపు నీకోసం ____.",wouldn't have been waiting,couldn't have been waiting,shouldn't have been waiting,mustn't have been waiting,A,This expresses a negative hypothetical continuous result.,ఇది ఒక నెగటివ్ ఊహాజనిత నిరంతర ఫలితాన్ని వ్యక్తీకరిస్తుంది.
35,mcq,I can't find him. He ____ in the library.,అతను కనిపించడం లేదు. అతను లైబ్రరీలో ____.,may have been studying,must have been studying,should have been studying,would have been studying,A,May have been' + V-ing offers a possible continuous action as an explanation.,May have been' + V-ing ఒక వివరణగా సాధ్యమయ్యే నిరంతర చర్యను అందిస్తుంది.
35,mcq,The house is quiet. The children ____.,ఇల్లు నిశ్శబ్దంగా ఉంది. పిల్లలు ____.,might have been sleeping,must have been sleeping,should have been sleeping,would have been sleeping,A,Might have been' suggests a less certain possibility for a continuous state.,Might have been' ఒక నిరంతర స్థితి కోసం తక్కువ ఖచ్చితమైన సంభావ్యతను సూచిస్తుంది.
35,mcq,She didn't answer the door. She ____ a shower.,ఆమె తలుపు తీయలేదు. ఆమె స్నానం ____.,may have been having,must have been having,should have been having,would have been having,A,This is a possible reason for why she didn't answer.,ఆమె సమాధానం చెప్పకపోవడానికి ఇది ఒక సాధ్యమయ్యే కారణం.
35,mcq,He didn't hear you. He ____ music.,అతను నిన్ను వినలేదు. అతను సంగీతం ____.,might have been listening to,must have been listening to,should have been listening to,would have been listening to,A,This presents a possible continuous action that prevented him from hearing.,ఇది అతన్ని వినకుండా నిరోధించిన సాధ్యమయ్యే నిరంతర చర్యను అందిస్తుంది.
36,mcq,I ____ go to work every day.,నేను ప్రతిరోజూ పనికి వెళ్ళాలి.,have to,has to,must to,should to,A,"Have to' expresses an external obligation or necessity for 'I', 'you', 'we', 'they'.","Have to' 'I', 'you', 'we', 'they' కోసం ఒక బాహ్య బాధ్యత లేదా అవసరాన్ని వ్యక్తీకరిస్తుంది."
36,mcq,She ____ wear a uniform to school.,ఆమె పాఠశాలకు యూనిఫాం ధరించాలి.,has to,have to,must to,should to,A,"Has to' is used for external obligation with 'he', 'she', 'it'.","Has to' 'he', 'she', 'it'తో బాహ్య బాధ్యత కోసం ఉపయోగించబడుతుంది."
36,mcq,We ____ leave early tomorrow.,మేము రేపు తొందరగా బయలుదేరాలి.,will have to,have to,has to,must,A,Will have to' is used to express a future necessity.,Will have to' భవిష్యత్ అవసరాన్ని వ్యక్తీకరించడానికి ఉపయోగించబడుతుంది.
36,mcq,He doesn't ____ work on Sundays.,అతను ఆదివారాలు పని చేయనవసరం లేదు.,have to,has to,must,should,A,"In negative sentences with 'doesn't', use the base form 'have to'.","doesn't'తో నెగటివ్ వాక్యాలలో, బేస్ ఫారం 'have to' ఉపయోగించండి."
37,mcq,You ____ be more careful.,నువ్వు మరింత జాగ్రత్తగా ఉండాలి.,need to,dare to,ought to,have to,A,Need to' expresses necessity or importance.,Need to' అవసరాన్ని లేదా ప్రాముఖ్యతను వ్యక్తీకరిస్తుంది.
37,mcq,We ____ respect our elders.,మనం మన పెద్దలను గౌరవించాలి.,ought to,dare to,need to,have to,A,Ought to' expresses a moral or social obligation.,Ought to' ఒక నైతిక లేదా సామాజిక బాధ్యతను వ్యక్తీకరిస్తుంది.
37,mcq,I don't think you ____ worry so much.,నువ్వు అంతగా ఆందోళన చెందాల్సిన అవసరం లేదని నేను అనుకుంటున్నాను.,need to,ought to,dare to,have to,A,Need to' is often used in negative form to say something is not necessary.,Need to' తరచుగా ఏదైనా అవసరం లేదని చెప్పడానికి నెగటివ్ రూపంలో ఉపయోగించబడుతుంది.
37,mcq,You ____ help those in need.,అవసరంలో ఉన్నవారికి నువ్వు సహాయం చేయాలి.,ought to,dare to,need to,have to,A,Ought to' is similar to 'should' and suggests a moral duty.,Ought to' 'should' మాదిరిగానే ఉంటుంది మరియు ఒక నైతిక కర్తవ్యాన్ని సూచిస్తుంది.
38,mcq,I ____ buy a new phone.,నేను ఒక కొత్త ఫోన్ కొనాలనుకుంటున్నాను.,want to,wish to,would like to,wanted to,A,Want to' expresses a direct desire or wish.,Want to' ఒక ప్రత్యక్ష కోరిక లేదా ఆకాంక్షను వ్యక్తీకరిస్తుంది.
38,mcq,"I ____ see the manager, please.","దయచేసి, నేను మేనేజర్‌ను చూడాలనుకుంటున్నాను.",would like to,want to,wish to,wanted to,A,Would like to' is a more polite and formal way to express a desire.,Would like to' ఒక కోరికను వ్యక్తీకరించడానికి మరింత మర్యాదపూర్వక మరియు అధికారిక మార్గం.
38,mcq,"When I was young, I ____ be a pilot.","నేను చిన్నప్పుడు, నేను పైలట్ అవ్వాలనుకున్నాను.",wanted to,want to,would like to,wish to,A,"Wanted to' expresses a past, unfulfilled desire.","Wanted to' ఒక గత, నెరవేరని కోరికను వ్యక్తీకరిస్తుంది."
38,mcq,What would you ____ drink? Tea or coffee?,మీరు ఏమి తాగాలనుకుంటున్నారు? టీ లేదా కాఫీ?,like to,want to,wish to,wanted to,A,Would you like to...?' is a polite way to offer something.,Would you like to...?' ఏదైనా అందించడానికి ఒక మర్యాదపూర్వక మార్గం.
39,mcq,Are you ____ lift that heavy box?,నువ్వు ఆ బరువైన పెట్టెను ఎత్తగలవా?,able to,willing to,going to,planning to,A,"Able to' is used to talk about ability, similar to 'can'.",Able to' 'can' మాదిరిగానే సామర్థ్యం గురించి మాట్లాడటానికి ఉపయోగించబడుతుంది.
39,mcq,I am ____ help you with your project.,నేను నీ ప్రాజెక్ట్‌లో నీకు సహాయం చేయడానికి సిద్ధంగా ఉన్నాను.,willing to,able to,going to,planning to,A,Willing to' expresses readiness or agreement to do something.,Willing to' ఏదైనా చేయడానికి సంసిద్ధత లేదా అంగీకారాన్ని వ్యక్తీకరిస్తుంది.
39,mcq,He is ____ start a new business next year.,అతను వచ్చే ఏడాది ఒక కొత్త వ్యాపారాన్ని ప్రారంభించాలని యోచిస్తున్నాడు.,planning to,able to,willing to,about to,A,Planning to' emphasizes that a future action has been thought about and arranged.,"Planning to' ఒక భవిష్యత్ చర్య గురించి ఆలోచించి, ఏర్పాటు చేయబడిందని నొక్కి చెబుతుంది."
39,mcq,The show is ____ start in five minutes.,ప్రదర్శన ఐదు నిమిషాల్లో ప్రారంభం కాబోతోంది.,about to,going to,able to,willing to,A,About to' is used for an action that will happen very soon.,About to' చాలా త్వరలో జరిగే చర్య కోసం ఉపయోగించబడుతుంది.
40,mcq,"Yesterday, I ____ finish all my work before leaving.","నిన్న, నేను వెళ్లేముందు నా పనంతా పూర్తి చేయాల్సి వచ్చింది.",had to,have to,has to,must,A,"Had to' is the past tense of 'have to' and 'must', expressing past obligation.","Had to' 'have to' మరియు 'must' యొక్క పాస్ట్ టెన్స్, గత బాధ్యతను వ్యక్తీకరిస్తుంది."
40,mcq,She ____ leave the party early last night.,ఆమె నిన్న రాత్రి పార్టీ నుండి తొందరగా వెళ్ళిపోవాల్సి వచ్చింది.,had to,has to,have to,must,A,Use 'had to' to talk about a necessity in the past.,గతంలో ఒక అవసరం గురించి మాట్లాడటానికి 'had to' ఉపయోగించండి.
40,mcq,We didn't ____ wait for a long time.,మేము ఎక్కువ సేపు వేచి ఉండాల్సిన అవసరం రాలేదు.,have to,had to,has to,must,A,"In past negative sentences with 'didn't', use the base form 'have to'.","didn't'తో గత నెగటివ్ వాక్యాలలో, బేస్ ఫారం 'have to' ఉపయోగించండి."
40,mcq,They ____ sell their car to pay the bills.,వారు బిల్లులు చెల్లించడానికి వారి కారును అమ్మాల్సి వచ్చింది.,had to,have to,must,should,A,Had to' expresses a past action that was necessary due to circumstances.,Had to' పరిస్థితుల కారణంగా అవసరమైన గత చర్యను వ్యక్తీకరిస్తుంది.
41,mcq,I ____ play football when I was in school.,నేను పాఠశాలలో ఉన్నప్పుడు ఫుట్‌బాల్ ఆడేవాడిని.,used to,use to,am used to,was used to,A,Used to' + verb is for a repeated past habit that is no longer true.,"Used to' + వెర్బ్ గతంలో పునరావృతమయ్యే అలవాటు కోసం, అది ఇప్పుడు నిజం కాదు."
41,mcq,She ____ live in that house.,ఆమె ఆ ఇంట్లో నివసించేది.,used to,use to,is used to,was used to,A,This describes a past situation that has changed.,ఇది మారిన గత పరిస్థితిని వివరిస్తుంది.
41,mcq,They didn't ____ eat non-veg food.,వారు మాంసాహారం తినేవారు కాదు.,use to,used to,using to,are used to,A,"In negative sentences with 'didn't', use the base form 'use to'.","didn't'తో నెగటివ్ వాక్యాలలో, బేస్ ఫారం 'use to' ఉపయోగించండి."
41,mcq,There ____ be a big tree here.,ఇక్కడ ఒక పెద్ద చెట్టు ఉండేది.,used to,use to,is used to,was used to,A,Used to be' is for describing something that existed in the past but not anymore.,"Used to be' గతంలో ఉండి, ఇప్పుడు లేని దానిని వివరించడానికి."
42,mcq,Which tense describes an action happening at the moment of speaking?,మాట్లాడుతున్న క్షణంలో జరుగుతున్న చర్యను ఏ టెన్స్ వివరిస్తుంది?,Present Continuous,Simple Present,Present Perfect,Simple Past,A,"The Present Continuous (e.g., 'I am talking') is for actions happening now.","ప్రెసెంట్ కంటిన్యూయస్ (ఉదా., 'నేను మాట్లాడుతున్నాను') ఇప్పుడు జరుగుతున్న చర్యల కోసం."
42,mcq,The Simple Past tense is used for .,సింపుల్ పాస్ట్ టెన్స్ ____ కోసం ఉపయోగించబడుతుంది.,actions completed in the past,actions happening now,future plans,general truths,A,"The Simple Past (e.g., 'I walked') describes finished actions.","సింపుల్ పాస్ట్ (ఉదా., 'నేను నడిచాను') పూర్తయిన చర్యలను వివరిస్తుంది."
42,mcq,Which tense connects the past with the present?,ఏ టెన్స్ గతాన్ని వర్తమానంతో కలుపుతుంది?,Present Perfect,Simple Past,Past Continuous,Past Perfect,A,"The Present Perfect (e.g., 'I have finished') is for past actions with a present result or relevance.","ప్రెసెంట్ పర్ఫెక్ట్ (ఉదా., 'నేను పూర్తి చేశాను') ప్రస్తుత ఫలితం లేదా ప్రాసంగికతతో గత చర్యల కోసం."
42,mcq,The Past Perfect tense ('had' + V3) describes an action that happened ____.,పాస్ట్ పర్ఫెక్ట్ టెన్స్ ('had' + V3) ____ జరిగిన చర్యను వివరిస్తుంది.,before another past action,after another past action,at the same time as another past action,continuously in the past,A,"The Past Perfect (e.g., 'I had finished') is for the 'earlier' of two past actions.","పాస్ట్ పర్ఫెక్ట్ (ఉదా., 'నేను పూర్తి చేశాను') రెండు గత చర్యలలో 'ముందు' జరిగినదాని కోసం."
43,mcq,What is the Simple Past form of 'speak'?,speak' యొక్క సింపుల్ పాస్ట్ ఫారం ఏమిటి?,spoke,spoken,speaking,speaks,A,spoke' is the V2 form.,spoke' V2 ఫారం.
43,mcq,What is the Present Continuous form of 'speak' for the subject 'they'?,they' అనే సబ్జెక్ట్ కోసం 'speak' యొక్క ప్రెసెంట్ కంటిన్యూయస్ ఫారం ఏమిటి?,are speaking,is speaking,am speaking,be speaking,A,The structure is 'are' + V-ing for 'they'.,they' కోసం నిర్మాణం 'are' + V-ing.
43,mcq,Past Perfect Continuous of 'speak' for 'I': I ____ for an hour when he arrived.,I' కోసం 'speak' యొక్క పాస్ట్ పర్ఫెక్ట్ కంటిన్యూయస్: అతను వచ్చినప్పుడు నేను ఒక గంటగా ____.,had been speaking,have been speaking,was speaking,spoke,A,The structure is 'had been' + V-ing.,నిర్మాణం 'had been' + V-ing.
43,mcq,Present Perfect of 'speak' for 'he': He ____ to the manager.,he' కోసం 'speak' యొక్క ప్రెసెంట్ పర్ఫెక్ట్: అతను మేనేజర్‌తో ____.,has spoken,have spoken,had spoken,spoke,A,The structure is 'has' + V3 ('spoken') for 'he'.,he' కోసం నిర్మాణం 'has' + V3 ('spoken').
44,mcq,Which sentence is in the Active Voice?,ఏ వాక్యం యాక్టివ్ వాయిస్‌లో ఉంది?,The boy kicked the ball.,The ball was kicked by the boy.,The ball is being kicked.,The ball has been kicked.,A,"In the Active Voice, the subject ('The boy') performs the action.","యాక్టివ్ వాయిస్‌లో, సబ్జెక్ట్ ('The boy') చర్యను చేస్తుంది."
44,mcq,Change to Passive Voice: 'She writes a letter.',పాసివ్ వాయిస్‌లోకి మార్చండి: 'ఆమె ఒక లేఖ రాస్తుంది.',A letter is written by her.,A letter was written by her.,A letter is being written by her.,A letter has been written by her.,A,The object ('a letter') becomes the subject. The verb changes to 'is' + V3 ('written').,ఆబ్జెక్ట్ ('a letter') సబ్జెక్ట్ అవుతుంది. వెర్బ్ 'is' + V3 ('written')గా మారుతుంది.
44,mcq,"In Passive Voice, the focus is on the ____.","పాసివ్ వాయిస్‌లో, దృష్టి ____పై ఉంటుంది.",action or the receiver,doer of the action (subject),time of the action,place of the action,A,The Passive Voice emphasizes the action or the object that receives it.,పాసివ్ వాయిస్ చర్యను లేదా దానిని స్వీకరించే ఆబ్జెక్ట్‌ను నొక్కి చెబుతుంది.
44,mcq,Passive form of 'They are building a bridge' is: ____,వారు ఒక వంతెనను నిర్మిస్తున్నారు' యొక్క పాసివ్ ఫారం: ____,A bridge is being built by them.,A bridge is built by them.,A bridge was being built by them.,A bridge has been built by them.,A,"For Present Continuous, the passive is 'is/am/are' + 'being' + V3.","ప్రెసెంట్ కంటిన్యూయస్ కోసం, పాసివ్ 'is/am/are' + 'being' + V3."
45,mcq,The door must ____ locked at night.,రాత్రికి తలుపు లాక్ చేయబడాలి.,be,is,was,has,A,"After a modal verb like 'must', use 'be' + V3 (Past Participle) for the passive form.","must' వంటి మోడల్ వెర్బ్ తర్వాత, పాసివ్ ఫారం కోసం 'be' + V3 (పాస్ట్ పార్టిసిపుల్) ఉపయోగించండి."
45,mcq,This work has to ____ finished today.,ఈ పని ఈరోజు పూర్తి కావాలి.,be,is,was,has,A,"After 'have to' or 'has to', the passive structure is 'be' + V3.","have to' లేదా 'has to' తర్వాత, పాసివ్ నిర్మాణం 'be' + V3."
45,mcq,The problem can ____ solved easily.,సమస్యను సులభంగా పరిష్కరించవచ్చు.,be,is,was,has,A,The structure after 'can' for a passive state is 'can' + 'be' + V3.,పాసివ్ స్టేట్ కోసం 'can' తర్వాత నిర్మాణం 'can' + 'be' + V3.
45,mcq,He was able to ____ rescued from the fire.,అతను అగ్ని నుండి రక్షించబడ్డాడు.,be,is,was,has,A,"After 'was able to', use 'be' + V3 to describe the passive ability.","was able to' తర్వాత, పాసివ్ సామర్థ్యాన్ని వివరించడానికి 'be' + V3 ఉపయోగించండి."
